obs,date,season,holiday,working_day,weather_condition,temp,feel_temp,humidity,wind_speed,occasional,members,rental
1,2011-01-01,1,0,0,2,14.110847,18.18125,0.805833,10.749882,331,654,985
2,2011-01-02,1,0,0,2,14.902598,17.68695,0.696087,16.652113,131,670,801
3,2011-01-03,1,0,1,1,8.050924,9.47025,0.437273,16.636703,120,1229,1349
4,2011-01-04,1,0,1,1,8.2,10.6061,0.590435,10.739832,108,1454,1562
5,2011-01-05,1,0,1,1,9.305237,11.4635,0.436957,12.5223,82,1518,1600
6,2011-01-06,1,0,1,1,8.378268,11.66045,0.518261,6.0008684,88,1518,1606
7,2011-01-07,1,0,1,2,8.057402,10.44195,0.498696,11.304642,148,1362,1510
8,2011-01-08,1,0,0,2,6.765,8.1127,0.535833,17.875868,68,891,959
9,2011-01-09,1,0,0,1,5.671653,5.80875,0.434167,24.25065,54,768,822
10,2011-01-10,1,0,1,1,6.184153,7.5444,0.482917,14.958889,41,1280,1321
11,2011-01-11,1,0,1,2,6.932731,9.5732,0.686364,8.182844,43,1220,1263
12,2011-01-12,1,0,1,1,7.081807,8.02365,0.599545,20.410009,25,1137,1162
13,2011-01-13,1,0,1,1,6.765,7.54415,0.470417,20.167,38,1368,1406
14,2011-01-14,1,0,1,1,6.59567,9.42065,0.537826,8.478716,54,1367,1421
15,2011-01-15,1,0,0,2,9.566653,12.4056,0.49875,10.583521,222,1026,1248
16,2011-01-16,1,0,0,1,9.498347,11.71085,0.48375,12.625011,251,953,1204
17,2011-01-17,1,1,0,2,7.209153,8.83855,0.5375,12.999139,117,883,1000
18,2011-01-18,1,0,1,2,8.883347,11.61665,0.861667,9.833925,9,674,683
19,2011-01-19,1,0,1,2,11.979134,14.9211,0.741739,13.957239,78,1572,1650
20,2011-01-20,1,0,1,2,10.728347,12.7525,0.538333,13.125568,83,1844,1927
21,2011-01-21,1,0,1,1,7.2775,7.89165,0.457083,23.667214,75,1468,1543
22,2011-01-22,1,0,0,1,2.4243464,3.95348,0.4,11.52199,93,888,981
23,2011-01-23,1,0,0,1,3.9573897,4.941955,0.436522,16.5222,150,836,986
24,2011-01-24,1,0,1,1,3.9930433,5.8965,0.491739,10.60811,86,1330,1416
25,2011-01-25,1,0,1,2,9.162598,11.7263,0.616957,8.696332,186,1799,1985
26,2011-01-26,1,0,1,3,8.9175,10.18,0.8625,19.68795,34,472,506
27,2011-01-27,1,0,1,1,7.995,10.985,0.6875,7.627079,15,416,431
28,2011-01-28,1,0,1,2,8.342598,11.16585,0.793043,8.2611,38,1129,1167
29,2011-01-29,1,0,0,1,8.057402,10.6063,0.651739,9.739455,123,975,1098
30,2011-01-30,1,0,0,1,8.877402,12.5161,0.722174,4.9568342,140,956,1096
31,2011-01-31,1,0,1,2,7.414153,9.3125,0.60375,12.541864,42,1459,1501
32,2011-02-01,1,0,1,2,7.879134,11.7265,0.829565,3.565271,47,1313,1360
33,2011-02-02,1,0,1,2,10.66,12.72085,0.775417,17.708636,72,1454,1526
34,2011-02-03,1,0,1,1,7.665237,8.8939,0.437826,18.609384,61,1489,1550
35,2011-02-04,1,0,1,2,8.663464,11.42935,0.585217,8.565213,88,1620,1708
36,2011-02-05,1,0,0,2,9.566653,12.1529,0.929167,10.792293,100,905,1005
37,2011-02-06,1,0,0,1,11.719153,14.58355,0.568333,9.5006,354,1269,1623
38,2011-02-07,1,0,1,1,11.138347,15.1829,0.738333,3.0423561,120,1592,1712
39,2011-02-08,1,0,1,1,9.054153,9.9123,0.537917,24.25065,64,1466,1530
40,2011-02-09,1,0,1,2,5.526103,7.21415,0.494783,12.652213,53,1552,1605
41,2011-02-10,1,0,1,1,5.918268,7.4774,0.437391,14.869645,47,1491,1538
42,2011-02-11,1,0,1,1,7.752731,10.67545,0.506364,7.27285,149,1597,1746
43,2011-02-12,1,0,0,1,9.1225,11.6477,0.544167,13.625589,288,1184,1472
44,2011-02-13,1,0,0,1,12.977402,16.20565,0.457391,17.479161,397,1192,1589
45,2011-02-14,1,0,1,1,17.015,19.9175,0.375833,27.999836,208,1705,1913
46,2011-02-15,1,0,1,1,10.909567,12.7137,0.314348,19.522058,140,1675,1815
47,2011-02-16,1,0,1,1,13.048701,15.81,0.423478,16.869997,218,1897,2115
48,2011-02-17,1,0,1,1,17.869153,21.4329,0.505,15.416968,259,2216,2475
49,2011-02-18,1,0,1,1,21.388347,25.59915,0.516667,17.749975,579,2348,2927
50,2011-02-19,1,0,0,1,16.365847,19.5702,0.187917,34.000021,532,1103,1635
51,2011-02-20,1,0,0,1,11.693897,13.8665,0.407826,14.956745,639,1173,1812
52,2011-02-21,1,1,0,2,12.436653,14.20375,0.605,20.625682,195,912,1107
53,2011-02-22,1,0,1,1,7.471102,9.30165,0.577778,13.110761,74,1376,1450
54,2011-02-23,1,0,1,1,9.091299,12.28585,0.423043,6.305571,139,1778,1917
55,2011-02-24,1,0,1,2,12.121732,14.45955,0.697391,16.783232,100,1707,1807
56,2011-02-25,1,0,1,2,14.938268,17.52305,0.712174,23.218113,120,1341,1461
57,2011-02-26,1,0,0,1,11.5825,14.1096,0.537917,12.500257,424,1545,1969
58,2011-02-27,1,0,0,1,14.082598,17.55545,0.68,8.391616,694,1708,2402
59,2011-02-28,1,0,1,2,16.698193,20.0059,0.876364,19.408962,81,1365,1446
60,2011-03-01,1,0,1,1,10.933347,13.19395,0.535,14.500475,137,1714,1851
61,2011-03-02,1,0,1,1,13.735,16.00355,0.449583,20.624811,231,1903,2134
62,2011-03-03,1,0,1,1,8.131653,10.00665,0.318333,15.125518,123,1562,1685
63,2011-03-04,1,0,1,2,10.728347,12.78395,0.610417,13.624182,214,1730,1944
64,2011-03-05,1,0,0,2,15.750847,18.93895,0.789167,16.875357,640,1437,2077
65,2011-03-06,1,0,0,2,15.437402,18.3126,0.948261,23.000229,114,491,605
66,2011-03-07,1,0,1,1,10.731299,11.92305,0.551304,22.870584,244,1628,1872
67,2011-03-08,1,0,1,1,11.9925,15.12,0.420833,8.08355,316,1817,2133
68,2011-03-09,1,0,1,2,12.129153,14.3304,0.775417,14.75005,191,1700,1891
69,2011-03-10,1,0,1,3,15.952731,19.2834,0,17.545759,46,577,623
70,2011-03-11,1,0,1,2,12.977402,15.25,0.649565,15.60899,247,1730,1977
71,2011-03-12,1,0,0,1,13.495847,16.2875,0.594583,14.791925,724,1408,2132
72,2011-03-13,1,0,0,1,15.758268,19.00455,0.527391,18.130468,982,1435,2417
73,2011-03-14,1,0,1,1,13.333897,16.6,0.496957,9.174042,359,1687,2046
74,2011-03-15,1,0,1,2,13.013031,15.9089,0.655652,12.348703,289,1767,2056
75,2011-03-16,1,0,1,2,14.973897,18.3465,0.776522,13.608839,321,1871,2192
76,2011-03-17,1,0,1,1,17.015,20.51665,0.602917,14.041793,424,2320,2744
77,2011-03-18,1,0,1,1,22.14,26.35045,0.525217,15.478139,884,2355,3239
78,2011-03-19,1,0,0,1,19.3725,23.32625,0.379167,24.667189,1424,1693,3117
79,2011-03-20,1,0,0,1,13.6325,16.2875,0.47375,13.917307,1047,1424,2471
80,2011-03-21,2,0,1,2,17.647835,20.48675,0.737391,19.348461,401,1676,2077
81,2011-03-22,2,0,1,1,18.108347,22.0321,0.624583,15.12525,460,2243,2703
82,2011-03-23,2,0,1,2,14.225237,16.89695,0.839565,15.695487,203,1918,2121
83,2011-03-24,2,0,1,2,11.685,13.54165,0.805833,16.333729,166,1699,1865
84,2011-03-25,2,0,1,1,10.830847,12.8156,0.495,15.458575,300,1910,2210
85,2011-03-26,2,0,0,1,10.899153,12.87855,0.394167,14.041257,981,1515,2496
86,2011-03-27,2,0,0,2,10.374763,12.51695,0.493913,12.3481,472,1221,1693
87,2011-03-28,2,0,1,1,10.838268,12.8787,0.302174,14.217668,222,1806,2028
88,2011-03-29,2,0,1,1,12.4025,14.6454,0.314167,15.208732,317,2108,2425
89,2011-03-30,2,0,1,2,12.3,14.8675,0.646667,11.583496,168,1368,1536
90,2011-03-31,2,0,1,3,11.001653,12.87875,0.918333,14.582282,179,1506,1685
91,2011-04-01,2,0,1,2,12.3,14.1727,0.68625,17.333436,307,1920,2227
92,2011-04-02,2,0,0,2,12.915,15.78185,0.65375,13.208782,898,1354,2252
93,2011-04-03,2,0,0,1,15.511653,18.93835,0.48,12.208271,1651,1598,3249
94,2011-04-04,2,0,1,1,23.506653,27.14645,0.42625,25.833257,734,2381,3115
95,2011-04-05,2,0,1,2,16.980847,19.9175,0.642083,26.000489,167,1628,1795
96,2011-04-06,2,0,1,1,16.024153,19.3804,0.470833,17.625221,413,2395,2808
97,2011-04-07,2,0,1,1,17.9375,21.6848,0.602917,10.874904,571,2570,3141
98,2011-04-08,2,0,1,2,13.769153,16.22395,0.83625,15.208464,172,1299,1471
99,2011-04-09,2,0,0,2,14.0425,17.07645,0.8775,8.916561,879,1576,2455
100,2011-04-10,2,0,0,2,17.493347,21.33685,0.8575,9.833389,1188,1707,2895
101,2011-04-11,2,0,1,2,24.421732,28.26085,0.716956,21.739758,855,2493,3348
102,2011-04-12,2,0,1,2,20.6025,24.6527,0.739167,18.416893,257,1777,2034
103,2011-04-13,2,0,1,2,16.9125,20.86415,0.819167,16.791339,209,1953,2162
104,2011-04-14,2,0,1,1,19.1675,23.1371,0.540417,7.4169,529,2738,3267
105,2011-04-15,2,1,0,1,18.313347,22.09565,0.67125,15.167125,642,2484,3126
106,2011-04-16,2,0,0,3,17.664153,21.2746,0.888333,22.834136,121,674,795
107,2011-04-17,2,0,0,1,18.723347,22.2848,0.479583,20.334232,1558,2186,3744
108,2011-04-18,2,0,1,1,21.0125,25.1573,0.5425,10.958989,669,2760,3429
109,2011-04-19,2,0,1,2,20.739153,24.4629,0.665833,10.584057,409,2795,3204
110,2011-04-20,2,0,1,1,24.395,28.2196,0.614167,16.208975,613,3331,3944
111,2011-04-21,2,0,1,1,18.825847,22.6946,0.407083,21.792286,745,3444,4189
112,2011-04-22,2,0,1,2,13.803347,16.0977,0.729583,14.707907,177,1506,1683
113,2011-04-23,2,0,0,2,18.86,22.50605,0.887917,15.458575,1462,2574,4036
114,2011-04-24,2,0,0,2,23.848347,27.58815,0.810833,12.875725,1710,2481,4191
115,2011-04-25,2,0,1,1,24.873347,28.725,0.776667,12.417311,773,3300,4073
116,2011-04-26,2,0,1,1,25.898347,29.70415,0.729167,21.8755,678,3722,4400
117,2011-04-27,2,0,1,2,25.42,28.7571,0.835417,20.9174,547,3325,3872
118,2011-04-28,2,0,1,2,25.3175,28.94645,0.700833,21.500836,569,3489,4058
119,2011-04-29,2,0,1,1,20.91,24.87315,0.457083,16.084221,878,3717,4595
120,2011-04-30,2,0,0,1,19.3725,23.20105,0.503333,15.750025,1965,3347,5312
121,2011-05-01,2,0,0,2,18.518347,22.4102,0.762083,7.125718,1138,2213,3351
122,2011-05-02,2,0,1,2,22.515847,26.64165,0.73,12.291418,847,3554,4401
123,2011-05-03,2,0,1,2,25.283347,29.10395,0.697083,22.958689,603,3848,4451
124,2011-05-04,2,0,1,2,16.980847,20.2325,0.737083,22.042732,255,2378,2633
125,2011-05-05,2,0,1,1,18.825847,22.09585,0.444167,19.791264,614,3819,4433
126,2011-05-06,2,0,1,1,19.645847,23.70585,0.59,15.292482,894,3714,4608
127,2011-05-07,2,0,0,1,21.32,25.63105,0.54125,10.75015,1612,3102,4714
128,2011-05-08,2,0,0,1,21.661653,25.94665,0.631667,5.0007125,1401,2932,4333
129,2011-05-09,2,0,1,1,21.8325,26.2623,0.58875,11.792,664,3698,4362
130,2011-05-10,2,0,1,1,21.8325,26.13605,0.489167,7.749957,694,4109,4803
131,2011-05-11,2,0,1,1,22.2425,26.42,0.632917,8.083014,550,3632,4182
132,2011-05-12,2,0,1,1,21.935,26.16815,0.7475,12.707689,695,4169,4864
133,2011-05-13,2,0,1,2,21.0125,24.715,0.863333,12.041575,692,3413,4105
134,2011-05-14,2,0,0,2,21.354153,25.03145,0.9225,9.04165,902,2507,3409
135,2011-05-15,2,0,0,2,23.0625,26.8,0.867083,10.249593,1582,2971,4553
136,2011-05-16,2,0,1,1,23.6775,27.5256,0.787917,8.500357,773,3185,3958
137,2011-05-17,2,0,1,2,23.028347,26.92645,0.837917,18.582718,678,3445,4123
138,2011-05-18,2,0,1,2,22.55,26.3579,0.87,13.499964,536,3319,3855
139,2011-05-19,2,0,1,2,21.764153,25.5371,0.829583,7.250271,735,3840,4575
140,2011-05-20,2,0,1,1,22.003347,26.4521,0.719583,8.375871,909,4008,4917
141,2011-05-21,2,0,0,1,24.7025,28.59875,0.626667,8.08355,2258,3547,5805
142,2011-05-22,2,0,0,1,24.770847,28.725,0.749583,9.916536,1576,3084,4660
143,2011-05-23,2,0,1,2,25.898347,29.5148,0.81,15.667414,836,3438,4274
144,2011-05-24,2,0,1,2,27.06,30.24065,0.740833,13.875164,659,3833,4492
145,2011-05-25,2,0,1,1,27.094153,30.7771,0.69625,10.333611,740,4238,4978
146,2011-05-26,2,0,1,1,29.041653,32.7344,0.6775,13.376014,758,3919,4677
147,2011-05-27,2,0,1,1,27.948347,31.8504,0.65375,16.125493,871,3808,4679
148,2011-05-28,2,0,0,1,26.889153,30.61895,0.729583,15.416164,2001,2757,4758
149,2011-05-29,2,0,0,1,27.3675,30.7775,0.81875,14.333846,2355,2433,4788
150,2011-05-30,2,1,0,1,30.066653,33.5546,0.685,8.792075,1549,2549,4098
151,2011-05-31,2,0,1,1,31.775,36.26915,0.636667,7.459043,673,3309,3982
152,2011-06-01,2,0,1,2,31.330847,36.04835,0.677083,13.875164,513,3461,3974
153,2011-06-02,2,0,1,1,29.315,32.1971,0.305,19.583229,736,4232,4968
154,2011-06-03,2,0,1,1,25.42,29.35665,0.354167,16.959107,898,4414,5312
155,2011-06-04,2,0,0,1,26.035,29.7348,0.45625,8.250514,1869,3473,5342
156,2011-06-05,2,0,0,2,26.581653,30.8402,0.6525,9.292364,1685,3221,4906
157,2011-06-06,2,0,1,1,27.811653,31.0929,0.6,8.167032,673,3875,4548
158,2011-06-07,2,0,1,1,29.0075,32.7975,0.597917,12.583136,763,4070,4833
159,2011-06-08,2,0,1,1,31.809153,36.36395,0.622083,9.166739,676,3725,4401
160,2011-06-09,2,0,1,2,33.141653,37.87895,0.568333,10.042161,563,3352,3915
161,2011-06-10,2,0,1,1,30.955,35.1646,0.605,9.417118,815,3771,4586
162,2011-06-11,2,0,0,1,29.725,33.9019,0.654583,10.37495,1729,3237,4966
163,2011-06-12,2,0,0,1,28.3925,32.16625,0.747917,10.958989,1467,2993,4460
164,2011-06-13,2,0,1,1,26.035,30.0827,0.494583,20.45845,863,4157,5020
165,2011-06-14,2,0,1,1,24.770847,29.5773,0.507083,18.041961,727,4164,4891
166,2011-06-15,2,0,1,1,25.693347,29.3877,0.471667,11.250104,769,4411,5180
167,2011-06-16,2,0,1,2,25.761653,29.7673,0.688333,13.833557,545,3222,3767
168,2011-06-17,2,0,1,1,26.615847,30.01915,0.735833,9.582943,863,3981,4844
169,2011-06-18,2,0,0,1,28.563347,32.1977,0.670417,8.000336,1807,3312,5119
170,2011-06-19,2,0,0,2,28.665847,32.2923,0.666667,6.834,1639,3105,4744
171,2011-06-20,2,0,1,2,26.035,29.7673,0.74625,10.416825,699,3311,4010
172,2011-06-21,3,0,1,2,27.914153,31.8823,0.770417,11.458675,774,4061,4835
173,2011-06-22,3,0,1,1,30.066653,34.69145,0.7075,11.541554,661,3846,4507
174,2011-06-23,3,0,1,2,29.861653,34.69165,0.703333,15.999868,746,4044,4790
175,2011-06-24,3,0,1,1,29.690847,32.82915,0.573333,14.875675,969,4022,4991
176,2011-06-25,3,0,0,1,28.495,32.16565,0.483333,14.041257,1782,3420,5202
177,2011-06-26,3,0,0,1,27.88,31.88145,0.513333,6.3337311,1920,3385,5305
178,2011-06-27,3,0,1,2,27.9825,31.8502,0.658333,7.208396,854,3854,4708
179,2011-06-28,3,0,1,1,30.510847,34.6279,0.634167,9.666961,732,3916,4648
180,2011-06-29,3,0,1,1,29.861653,32.7344,0.497917,17.542007,848,4377,5225
181,2011-06-30,3,0,1,1,28.563347,31.8504,0.434167,12.415904,1027,4488,5515
182,2011-07-01,3,0,1,1,29.6225,32.6081,0.39625,6.874736,1246,4116,5362
183,2011-07-02,3,0,0,1,30.271653,33.3654,0.444583,7.709154,2204,2915,5119
184,2011-07-03,3,0,0,2,29.383347,33.42875,0.6825,15.333486,2282,2367,4649
185,2011-07-04,3,1,0,2,29.793347,33.27085,0.637917,5.4591064,3065,2978,6043
186,2011-07-05,3,0,1,1,30.613347,34.8169,0.590417,8.459286,1031,3634,4665
187,2011-07-06,3,0,1,1,29.52,34.28165,0.743333,10.042161,784,3845,4629
188,2011-07-07,3,0,1,1,30.75,34.34355,0.65125,10.6664,754,3838,4592
189,2011-07-08,3,0,1,2,29.075847,33.52415,0.757917,15.083643,692,3348,4040
190,2011-07-09,3,0,0,1,30.066653,33.2079,0.609167,11.250104,1988,3348,5336
191,2011-07-10,3,0,0,1,30.6475,34.50125,0.578333,12.292557,1743,3138,4881
192,2011-07-11,3,0,1,1,31.2625,36.4902,0.635833,18.916579,723,3363,4086
193,2011-07-12,3,0,1,1,32.560847,36.96375,0.559167,13.417018,662,3596,4258
194,2011-07-13,3,0,1,1,30.613347,34.4702,0.631667,9.790911,748,3594,4342
195,2011-07-14,3,0,1,1,27.914153,31.7552,0.47625,16.124689,888,4196,5084
196,2011-07-15,3,0,1,1,27.196653,31.21855,0.59125,12.249811,1318,4220,5538
197,2011-07-16,3,0,0,1,28.153347,31.91315,0.585,13.958914,2418,3505,5923
198,2011-07-17,3,0,0,1,29.485847,33.49165,0.604167,16.417211,2006,3296,5302
199,2011-07-18,3,0,1,1,30.613347,35.19625,0.65125,14.458868,841,3617,4458
200,2011-07-19,3,0,1,1,31.843347,37.37395,0.650417,8.7502,752,3789,4541
201,2011-07-20,3,0,1,1,31.501653,37.3425,0.707083,7.625739,644,3688,4332
202,2011-07-21,3,0,1,2,33.415,41.31855,0.69125,14.875407,632,3152,3784
203,2011-07-22,3,0,1,1,34.781653,42.0448,0.580417,8.9177,562,2825,3387
204,2011-07-23,3,0,0,1,34.815847,40.21435,0.5,8.791807,987,2298,3285
205,2011-07-24,3,0,0,1,34.03,39.74145,0.550833,11.334457,1050,2556,3606
206,2011-07-25,3,0,1,1,30.476653,36.0479,0.757083,6.0841561,568,3272,3840
207,2011-07-26,3,0,1,1,31.638347,34.84895,0.540833,13.417286,750,3840,4590
208,2011-07-27,3,0,1,1,31.775,34.53335,0.402917,12.292021,755,3901,4656
209,2011-07-28,3,0,1,1,31.945847,36.995,0.583333,11.958093,606,3784,4390
210,2011-07-29,3,0,1,1,34.371653,39.29835,0.5425,11.667246,670,3176,3846
211,2011-07-30,3,0,0,1,32.970847,36.42685,0.465833,11.291979,1559,2916,4475
212,2011-07-31,3,0,0,1,33.039153,36.4898,0.480833,11.042471,1524,2778,4302
213,2011-08-01,3,0,1,1,31.638347,35.1646,0.550833,10.500039,729,3537,4266
214,2011-08-02,3,0,1,1,32.116653,35.35355,0.49125,13.79195,801,4044,4845
215,2011-08-03,3,0,1,2,29.998347,33.99685,0.6575,9.084061,467,3107,3574
216,2011-08-04,3,0,1,2,29.11,33.2394,0.7575,13.20905,799,3777,4576
217,2011-08-05,3,0,1,1,29.144153,32.82835,0.630833,12.374632,1023,3843,4866
218,2011-08-06,3,0,0,2,29.383347,33.8077,0.755,15.29275,1521,2773,4294
219,2011-08-07,3,0,0,1,30.4425,35.7646,0.752917,13.499629,1298,2487,3785
220,2011-08-08,3,0,1,1,31.365,35.16415,0.592083,12.875725,846,3480,4326
221,2011-08-09,3,0,1,1,31.775,36.20605,0.570417,10.125107,907,3695,4602
222,2011-08-10,3,0,1,1,31.433347,34.24915,0.424167,13.417286,884,3896,4780
223,2011-08-11,3,0,1,1,29.4175,32.57605,0.42375,11.041332,812,3980,4792
224,2011-08-12,3,0,1,1,29.041653,32.7021,0.415,8.416607,1051,3854,4905
225,2011-08-13,3,0,0,2,28.119153,32.2929,0.729583,14.167418,1504,2646,4150
226,2011-08-14,3,0,0,2,27.743347,31.2194,0.8175,14.916411,1338,2482,3820
227,2011-08-15,3,0,1,1,27.299153,30.80835,0.712083,13.999918,775,3563,4338
228,2011-08-16,3,0,1,1,28.734153,32.29185,0.578333,15.834043,721,4004,4725
229,2011-08-17,3,0,1,1,29.656653,33.33355,0.575417,9.625689,668,4026,4694
230,2011-08-18,3,0,1,1,29.178347,33.1129,0.654583,15.624936,639,3166,3805
231,2011-08-19,3,0,1,2,28.085,31.66105,0.722917,9.333636,797,3356,4153
232,2011-08-20,3,0,0,1,28.5975,32.4498,0.674167,6.999289,1914,3277,5191
233,2011-08-21,3,0,0,1,29.144153,33.77625,0.77,16.666518,1249,2624,3873
234,2011-08-22,3,0,1,1,28.358347,31.9127,0.47,18.54225,833,3925,4758
235,2011-08-23,3,0,1,1,26.274153,30.30335,0.455417,9.833121,1281,4614,5895
236,2011-08-24,3,0,1,1,27.606653,31.5346,0.605,16.958236,949,4181,5130
237,2011-08-25,3,0,1,2,28.050847,32.2927,0.771667,14.125811,435,3107,3542
238,2011-08-26,3,0,1,1,28.7,32.98665,0.76125,5.6254875,768,3893,4661
239,2011-08-27,3,0,0,2,27.88,31.7778,0.85,25.166339,226,889,1115
240,2011-08-28,3,0,0,1,28.989419,32.39795,0.561765,20.412153,1415,2919,4334
241,2011-08-29,3,0,1,1,26.103347,30.3979,0.554583,10.708275,729,3905,4634
242,2011-08-30,3,0,1,1,26.205847,29.7352,0.548333,8.375536,775,4429,5204
243,2011-08-31,3,0,1,1,26.923347,30.55605,0.597917,5.5833311,688,4370,5058
244,2011-09-01,3,0,1,1,26.855,30.74605,0.639167,9.500332,783,4332,5115
245,2011-09-02,3,0,1,2,26.376653,30.2404,0.727083,9.375243,875,3852,4727
246,2011-09-03,3,0,0,1,27.435847,31.66065,0.716667,12.416775,1935,2549,4484
247,2011-09-04,3,0,0,1,29.075847,33.27145,0.742083,13.833289,2521,2419,4940
248,2011-09-05,3,1,0,2,27.606653,31.2823,0.790417,14.250632,1236,2115,3351
249,2011-09-06,3,0,1,3,22.14,25.76,0.886957,23.044181,204,2506,2710
250,2011-09-07,3,0,1,3,24.565847,27.21145,0.917083,6.5003936,118,1878,1996
251,2011-09-08,3,0,1,3,25.990433,27.76805,0.939565,12.914116,153,1689,1842
252,2011-09-09,3,0,1,2,26.65,28.9473,0.897917,8.333393,417,3127,3544
253,2011-09-10,3,0,0,1,27.06,30.3981,0.75375,10.291736,1750,3595,5345
254,2011-09-11,3,0,0,1,26.786653,30.46145,0.71375,7.708618,1633,3413,5046
255,2011-09-12,3,0,1,1,26.418268,30.1065,0.692174,5.957171,690,4023,4713
256,2011-09-13,3,0,1,1,26.684153,30.1777,0.7125,9.500868,701,4062,4763
257,2011-09-14,3,0,1,1,27.606653,31.345,0.697083,11.2091,647,4138,4785
258,2011-09-15,3,0,1,2,23.6775,27.68355,0.709167,18.166782,428,3231,3659
259,2011-09-16,3,0,1,2,19.235847,23.07375,0.590417,11.000261,742,4018,4760
260,2011-09-17,3,0,0,2,20.158347,23.9256,0.718333,12.708225,1434,3077,4511
261,2011-09-18,3,0,0,1,20.8075,24.52685,0.695,11.958361,1353,2921,4274
262,2011-09-19,3,0,1,2,22.515847,26.48375,0.69,10.166714,691,3848,4539
263,2011-09-20,3,0,1,2,23.028347,26.61085,0.88125,9.041918,438,3203,3641
264,2011-09-21,3,0,1,2,24.395,27.52665,0.9,6.4590814,539,3813,4352
265,2011-09-22,3,0,1,2,25.761653,27.74815,0.902083,8.584375,555,4240,4795
266,2011-09-23,4,0,1,2,24.975847,26.10625,0.9725,5.2505689,258,2137,2395
267,2011-09-24,4,0,0,2,24.873347,28.2206,0.8625,5.2516811,1776,3647,5423
268,2011-09-25,4,0,0,2,26.000847,28.63185,0.845,3.3754064,1544,3466,5010
269,2011-09-26,4,0,1,2,26.615847,29.4521,0.848333,7.4169,684,3946,4630
270,2011-09-27,4,0,1,2,26.103347,28.72625,0.885417,7.917457,477,3643,4120
271,2011-09-28,4,0,1,2,26.035,28.7579,0.84875,9.958143,480,3427,3907
272,2011-09-29,4,0,1,1,25.283347,28.7256,0.699167,11.583161,653,4186,4839
273,2011-09-30,4,0,1,1,23.130847,27.24145,0.6475,13.833825,830,4372,5202
274,2011-10-01,4,0,0,2,16.81,20.64315,0.75375,19.583832,480,1949,2429
275,2011-10-02,4,0,0,2,14.623347,17.26585,0.791667,14.874871,616,2302,2918
276,2011-10-03,4,0,1,2,15.750847,19.6023,0.760833,5.5841686,330,3240,3570
277,2011-10-04,4,0,1,1,19.850847,23.6429,0.71,13.792218,486,3970,4456
278,2011-10-05,4,0,1,1,22.071653,26.3569,0.647917,11.87575,559,4267,4826
279,2011-10-06,4,0,1,1,20.260847,24.02125,0.620833,9.041918,639,4126,4765
280,2011-10-07,4,0,1,1,20.944153,25.2202,0.684167,1.5002439,949,4036,4985
281,2011-10-08,4,0,0,1,21.388347,25.6621,0.70125,3.0420814,2235,3174,5409
282,2011-10-09,4,0,0,1,22.174153,26.19915,0.7275,4.25115,2397,3114,5511
283,2011-10-10,4,1,0,1,23.404153,27.14625,0.73375,2.8343814,1514,3603,5117
284,2011-10-11,4,0,1,2,23.233347,27.3048,0.80875,9.583814,667,3896,4563
285,2011-10-12,4,0,1,3,22.276653,25.88585,0.90625,16.62605,217,2199,2416
286,2011-10-13,4,0,1,2,24.155847,27.5902,0.896667,9.499729,290,2623,2913
287,2011-10-14,4,0,1,2,22.584153,26.48375,0.71625,15.000161,529,3115,3644
288,2011-10-15,4,0,0,1,20.773347,24.93625,0.483333,17.291561,1899,3318,5217
289,2011-10-16,4,0,0,1,20.978347,25.1577,0.486667,18.875039,1748,3293,5041
290,2011-10-17,4,0,1,1,21.900847,25.53625,0.579583,11.750393,713,3857,4570
291,2011-10-18,4,0,1,2,21.8325,26.13605,0.701667,7.375829,637,4111,4748
292,2011-10-19,4,0,1,3,22.211299,25.6924,0.895217,16.303713,254,2170,2424
293,2011-10-20,4,0,1,1,19.509153,23.32625,0.63625,28.292425,471,3724,4195
294,2011-10-21,4,0,1,1,17.5275,21.1798,0.574167,14.833532,676,3628,4304
295,2011-10-22,4,0,0,1,17.3225,21.2746,0.629167,6.2086689,1499,2809,4308
296,2011-10-23,4,0,0,1,17.288347,21.11665,0.74125,6.6673375,1619,2762,4381
297,2011-10-24,4,0,1,1,18.996653,22.85335,0.772083,7.959064,699,3488,4187
298,2011-10-25,4,0,1,1,19.338347,23.16875,0.622917,11.166086,695,3992,4687
299,2011-10-26,4,0,1,2,19.850847,23.6423,0.720417,9.959014,404,3490,3894
300,2011-10-27,4,0,1,2,19.27,22.8523,0.812917,13.250121,240,2419,2659
301,2011-10-28,4,0,1,2,13.564153,15.9406,0.585833,15.375093,456,3291,3747
302,2011-10-29,4,0,0,3,10.420847,11.39565,0.8825,23.541857,57,570,627
303,2011-10-30,4,0,0,1,13.085847,16.06645,0.62375,11.833339,885,2446,3331
304,2011-10-31,4,0,1,1,13.94,17.80315,0.703333,7.12545,362,3307,3669
305,2011-11-01,4,0,1,1,16.434153,19.8544,0.68375,9.083257,410,3658,4068
306,2011-11-02,4,0,1,1,15.4775,19.50665,0.71875,5.5001439,370,3816,4186
307,2011-11-03,4,0,1,1,16.741653,20.29605,0.702083,9.166739,318,3656,3974
308,2011-11-04,4,0,1,2,16.536653,20.1696,0.6225,18.209193,470,3576,4046
309,2011-11-05,4,0,0,1,13.393347,16.1927,0.519167,12.667154,1156,2770,3926
310,2011-11-06,4,0,0,1,14.281653,18.1179,0.734583,6.1676314,952,2697,3649
311,2011-11-07,4,0,1,1,16.195,20.04355,0.75875,3.834075,373,3662,4035
312,2011-11-08,4,0,1,1,16.741653,20.6123,0.721667,4.6255125,376,3829,4205
313,2011-11-09,4,0,1,1,16.4,20.45395,0.758333,4.1671186,305,3804,4109
314,2011-11-10,4,0,1,2,15.58,18.68605,0.813333,12.667489,190,2743,2933
315,2011-11-11,4,1,0,1,13.290847,15.34085,0.44625,21.083225,440,2928,3368
316,2011-11-12,4,0,0,1,14.623347,17.8971,0.552917,14.208154,1275,2792,4067
317,2011-11-13,4,0,0,1,18.074153,21.5275,0.458333,18.875307,1004,2713,3717
318,2011-11-14,4,0,1,1,21.73,26.2306,0.587083,20.541932,595,3891,4486
319,2011-11-15,4,0,1,2,21.73,25.37895,0.68875,13.375411,449,3746,4195
320,2011-11-16,4,0,1,3,18.723347,22.5994,0.93,9.167543,145,1672,1817
321,2011-11-17,4,0,1,2,14.008347,16.16105,0.575833,20.459254,139,2914,3053
322,2011-11-18,4,0,1,1,11.240847,13.63605,0.41,11.291711,245,3147,3392
323,2011-11-19,4,0,0,1,13.495847,16.22415,0.502083,15.041232,943,2720,3663
324,2011-11-20,4,0,0,2,18.996653,22.8529,0.684583,12.45865,787,2733,3520
325,2011-11-21,4,0,1,3,18.3475,22.2531,0.91,9.249618,220,2545,2765
326,2011-11-22,4,0,1,3,17.083347,21.0848,0.9625,7.959064,69,1538,1607
327,2011-11-23,4,0,1,2,18.074153,21.52685,0.757917,22.500275,112,2454,2566
328,2011-11-24,4,1,0,1,15.306653,18.62355,0.549167,11.209368,560,935,1495
329,2011-11-25,4,0,1,1,15.375,19.03355,0.64375,6.6260186,1095,1697,2792
330,2011-11-26,4,0,0,1,15.409153,19.25435,0.681667,4.5841936,1249,1819,3068
331,2011-11-27,4,0,0,1,18.825847,22.79,0.698333,13.999918,810,2261,3071
332,2011-11-28,4,0,1,1,20.642598,24.5061,0.743043,9.522174,253,3614,3867
333,2011-11-29,4,0,1,2,18.791653,22.56875,0.830833,17.292164,96,2818,2914
334,2011-11-30,4,0,1,1,13.325,15.56105,0.613333,18.167586,188,3425,3613
335,2011-12-01,4,0,1,1,12.8125,15.2777,0.524583,14.750586,182,3545,3727
336,2011-12-02,4,0,1,1,12.880847,16.57165,0.625833,6.750518,268,3672,3940
337,2011-12-03,4,0,0,1,12.265847,15.5302,0.612917,6.4174811,706,2908,3614
338,2011-12-04,4,0,0,1,13.564153,17.455,0.775833,5.6252061,634,2851,3485
339,2011-12-05,4,0,1,2,15.819153,19.69625,0.827083,4.1679561,233,3578,3811
340,2011-12-06,4,0,1,3,18.9625,22.82,0.949583,15.583061,126,2468,2594
341,2011-12-07,4,0,1,3,16.81,20.0123,0.970417,17.833725,50,655,705
342,2011-12-08,4,0,1,1,10.899153,12.8469,0.58,16.083886,150,3172,3322
343,2011-12-09,4,0,1,1,11.924153,15.8771,0.695833,5.5420189,261,3359,3620
344,2011-12-10,4,0,0,1,11.275,13.3206,0.5075,15.625807,502,2688,3190
345,2011-12-11,4,0,0,1,9.054153,12.6577,0.49,4.4582939,377,2366,2743
346,2011-12-12,4,0,1,1,9.771653,13.5098,0.670833,4.25115,143,3167,3310
347,2011-12-13,4,0,1,1,11.5825,15.0569,0.59,9.41685,155,3368,3523
348,2011-12-14,4,0,1,2,13.0175,16.9181,0.66375,4.0842061,178,3562,3740
349,2011-12-15,4,0,1,2,17.3225,20.61185,0.634167,17.958814,181,3528,3709
350,2011-12-16,4,0,1,2,15.375,17.99125,0.500417,17.458525,178,3399,3577
351,2011-12-17,4,0,0,2,10.591653,12.46855,0.560833,16.292189,275,2464,2739
352,2011-12-18,4,0,0,1,9.771653,12.27895,0.58625,11.375193,220,2211,2431
353,2011-12-19,4,0,1,1,11.343347,14.04665,0.6375,11.584032,260,3143,3403
354,2011-12-20,4,0,1,2,15.819153,19.8227,0.595417,4.1252436,216,3534,3750
355,2011-12-21,1,0,1,2,17.561653,21.40085,0.858333,14.8338,107,2553,2660
356,2011-12-22,1,0,1,2,17.356653,21.30605,0.7575,3.167425,227,2841,3068
357,2011-12-23,1,0,1,1,15.306653,18.87565,0.68625,18.374482,163,2046,2209
358,2011-12-24,1,0,0,1,12.4025,14.9621,0.5425,12.750368,155,856,1011
359,2011-12-25,1,0,0,1,11.266103,13.99805,0.681304,10.391097,303,451,754
360,2011-12-26,1,1,0,1,13.191299,15.77675,0.506957,16.044155,430,887,1317
361,2011-12-27,1,0,1,2,13.325,16.38165,0.7625,12.62615,103,1059,1162
362,2011-12-28,1,0,1,1,12.26433,13.9987,0.503913,19.695387,255,2047,2302
363,2011-12-29,1,0,1,1,10.181653,13.1946,0.574167,8.000604,254,2169,2423
364,2011-12-30,1,0,1,1,12.778347,15.9406,0.636667,9.000579,491,2508,2999
365,2011-12-31,1,0,0,1,16.81,20.70605,0.615833,14.750318,665,1820,2485
366,2012-01-01,1,0,0,1,15.17,18.78105,0.6925,12.875189,686,1608,2294
367,2012-01-02,1,1,0,1,11.194763,12.6152,0.381304,22.087555,244,1707,1951
368,2012-01-03,1,0,1,1,6.15,6.31375,0.44125,24.499957,89,2147,2236
369,2012-01-04,1,0,1,2,4.4075,5.96685,0.414583,12.3749,95,2273,2368
370,2012-01-05,1,0,1,1,10.899153,13.9206,0.524167,8.709129,140,3132,3272
371,2012-01-06,1,0,1,1,13.700847,17.01335,0.542083,11.249836,307,3791,4098
372,2012-01-07,1,0,0,1,16.126653,19.53895,0.531667,11.708786,1070,3451,4521
373,2012-01-08,1,0,0,1,13.8375,17.0129,0.465,12.833314,599,2826,3425
374,2012-01-09,1,0,1,2,9.190847,12.37395,0.701667,6.6263,106,2270,2376
375,2012-01-10,1,0,1,1,12.656536,15.9413,0.646522,12.565984,173,3425,3598
376,2012-01-11,1,0,1,2,11.240847,14.14105,0.8475,8.791807,92,2085,2177
377,2012-01-12,1,0,1,2,15.6825,19.0969,0.802917,12.124789,269,3828,4097
378,2012-01-13,1,0,1,1,11.240847,12.4681,0.5075,25.333236,174,3040,3214
379,2012-01-14,1,0,0,1,7.38,9.15435,0.4575,12.541261,333,2160,2493
380,2012-01-15,1,0,0,1,6.833347,8.08125,0.419167,16.834286,284,2027,2311
381,2012-01-16,1,1,0,1,7.79,9.53315,0.5225,15.500986,217,2081,2298
382,2012-01-17,1,0,1,2,15.294763,18.2139,0.716087,23.39171,127,2808,2935
383,2012-01-18,1,0,1,1,12.436653,13.7627,0.443333,27.833743,109,3267,3376
384,2012-01-19,1,0,1,1,7.79,9.5019,0.4975,14.750586,130,3162,3292
385,2012-01-20,1,0,1,2,8.9175,11.0479,0.45,13.58425,115,3048,3163
386,2012-01-21,1,0,0,2,7.106653,8.74375,0.83125,14.917014,67,1234,1301
387,2012-01-22,1,0,0,2,6.6625,8.1125,0.79625,13.375746,196,1781,1977
388,2012-01-23,1,0,1,2,8.951653,12.1529,0.91125,7.417436,145,2287,2432
389,2012-01-24,1,0,1,1,14.0425,17.4554,0.835833,8.292389,439,3900,4339
390,2012-01-25,1,0,1,1,12.060847,14.74105,0.64375,10.791757,467,3803,4270
391,2012-01-26,1,0,1,2,14.008347,17.8025,0.769583,4.9175186,244,3831,4075
392,2012-01-27,1,0,1,2,17.425,20.76915,0.74125,22.958689,269,3187,3456
393,2012-01-28,1,0,0,1,12.949153,16.31895,0.543333,14.125543,775,3248,4023
394,2012-01-29,1,0,0,1,11.5825,13.63605,0.31125,16.08335,558,2685,3243
395,2012-01-30,1,0,1,1,11.035847,13.13125,0.400833,14.458064,126,3498,3624
396,2012-01-31,1,0,1,1,15.99,19.06585,0.416667,17.541739,324,4185,4509
397,2012-02-01,1,0,1,1,19.235847,23.3269,0.507917,12.667489,304,4275,4579
398,2012-02-02,1,0,1,2,16.365847,19.94855,0.672917,12.541529,190,3571,3761
399,2012-02-03,1,0,1,1,12.846653,15.4673,0.526667,11.959232,310,3841,4151
400,2012-02-04,1,0,0,2,10.830847,13.63625,0.779583,8.167032,384,2448,2832
401,2012-02-05,1,0,0,2,10.899153,13.22605,0.687917,11.791732,318,2629,2947
402,2012-02-06,1,0,1,1,11.586969,14.8213,0.622174,10.3046,206,3578,3784
403,2012-02-07,1,0,1,1,14.520847,18.0552,0.49625,9.874393,199,4176,4375
404,2012-02-08,1,0,1,2,10.523347,13.32105,0.722917,8.959307,109,2693,2802
405,2012-02-09,1,0,1,1,10.865,13.0994,0.562083,13.000479,163,3667,3830
406,2012-02-10,1,0,1,2,11.514153,14.6779,0.54,7.834243,227,3604,3831
407,2012-02-11,1,0,0,3,9.190847,10.54335,0.73125,19.416332,192,1977,2169
408,2012-02-12,1,0,0,1,5.2275,5.0829,0.464583,27.417204,73,1456,1529
409,2012-02-13,1,0,1,1,9.1225,11.39565,0.41125,11.207961,94,3328,3422
410,2012-02-14,1,0,1,2,13.085847,16.6973,0.50875,9.458993,135,3787,3922
411,2012-02-15,1,0,1,1,14.281653,17.58145,0.53125,12.1672,141,4028,4169
412,2012-02-16,1,0,1,2,12.983347,16.5081,0.752917,6.125475,74,2931,3005
413,2012-02-17,1,0,1,1,14.076653,17.58145,0.634583,13.791682,349,3805,4154
414,2012-02-18,1,0,0,1,14.213347,17.77125,0.534583,12.792243,1435,2883,4318
415,2012-02-19,1,0,0,2,11.48,13.2894,0.515833,16.958504,618,2071,2689
416,2012-02-20,1,1,0,1,11.48,13.66955,0.507826,15.348561,502,2627,3129
417,2012-02-21,1,0,1,1,11.800866,14.75565,0.594348,13.783039,163,3614,3777
418,2012-02-22,1,0,1,1,16.229153,19.63335,0.567917,15.709557,394,4379,4773
419,2012-02-23,1,0,1,1,18.620847,22.2223,0.554583,12.791171,516,4546,5062
420,2012-02-24,1,0,1,2,16.7075,20.54855,0.7375,15.916989,246,3241,3487
421,2012-02-25,1,0,0,1,11.924153,12.78375,0.395833,28.250014,317,2415,2732
422,2012-02-26,1,0,0,1,11.445847,13.4154,0.41,13.750343,515,2874,3389
423,2012-02-27,1,0,1,1,15.033347,17.8977,0.490833,17.958211,253,4069,4322
424,2012-02-28,1,0,1,1,14.725847,17.67625,0.395833,12.958939,229,4134,4363
425,2012-02-29,1,0,1,2,14.118268,17.4235,0.804783,12.000839,65,1769,1834
426,2012-03-01,1,0,1,1,19.919153,23.76855,0.615417,15.208129,325,4665,4990
427,2012-03-02,1,0,1,2,14.486653,17.9921,0.657083,9.708568,246,2948,3194
428,2012-03-03,1,0,0,2,16.980847,20.6746,0.62125,10.792293,956,3110,4066
429,2012-03-04,1,0,0,1,13.359153,15.15105,0.403333,22.416257,710,2713,3423
430,2012-03-05,1,0,1,1,9.976653,12.05855,0.50625,15.333486,203,3130,3333
431,2012-03-06,1,0,1,1,10.591653,12.7521,0.456667,13.458625,221,3735,3956
432,2012-03-07,1,0,1,1,16.570847,19.255,0.513333,23.167193,432,4484,4916
433,2012-03-08,1,0,1,1,21.6275,26.2302,0.5675,29.584721,486,4896,5382
434,2012-03-09,1,0,1,2,16.844153,19.85415,0.407083,27.7916,447,4122,4569
435,2012-03-10,1,0,0,1,11.7875,13.88835,0.350417,15.12525,968,3150,4118
436,2012-03-11,1,0,0,1,14.831299,17.9835,0.476957,14.913329,1658,3253,4911
437,2012-03-12,1,0,1,1,19.133347,22.9796,0.489167,13.916771,838,4460,5298
438,2012-03-13,1,0,1,1,23.165,27.14645,0.6175,15.87565,762,5085,5847
439,2012-03-14,1,0,1,1,23.4725,27.43085,0.507083,7.709154,997,5315,6312
440,2012-03-15,1,0,1,1,22.8575,26.64125,0.579583,10.042161,1005,5187,6192
441,2012-03-16,1,0,1,2,17.869153,21.81145,0.842083,7.583864,548,3830,4378
442,2012-03-17,1,0,0,2,21.080847,25.2523,0.755833,7.417168,3155,4681,7836
443,2012-03-18,1,0,0,2,19.3725,23.2,0.81,8.501161,2207,3685,5892
444,2012-03-19,1,0,1,1,22.345,26.64105,0.72875,10.875239,982,5171,6153
445,2012-03-20,1,0,1,1,22.994153,26.92665,0.807917,8.125157,1051,5042,6093
446,2012-03-21,2,0,1,2,21.798347,25.6629,0.82125,6.0004061,1122,5108,6230
447,2012-03-22,2,0,1,1,22.720847,26.57835,0.83125,7.876654,1334,5537,6871
448,2012-03-23,2,0,1,2,24.668347,28.50335,0.694167,7.7921,2469,5893,8362
449,2012-03-24,2,0,0,2,20.6025,24.33665,0.885417,12.916461,1033,2339,3372
450,2012-03-25,2,0,0,2,17.9375,21.8744,0.880833,14.791925,1532,3464,4996
451,2012-03-26,2,0,1,1,18.279153,21.9375,0.477917,25.917007,795,4763,5558
452,2012-03-27,2,0,1,1,13.256653,15.7827,0.29,12.541864,531,4571,5102
453,2012-03-28,2,0,1,1,19.850847,23.5475,0.48125,19.541957,674,5024,5698
454,2012-03-29,2,0,1,1,20.260847,24.1152,0.439167,21.41655,834,5299,6133
455,2012-03-30,2,0,1,2,15.17,18.78105,0.580833,9.250489,796,4663,5459
456,2012-03-31,2,0,0,2,17.390847,21.0854,0.738333,16.791339,2301,3934,6235
457,2012-04-01,2,0,0,2,17.459153,20.86435,0.67625,11.541889,2347,3694,6041
458,2012-04-02,2,0,1,1,17.790433,21.37565,0.504348,20.913313,1208,4728,5936
459,2012-04-03,2,0,1,1,19.133347,23.07415,0.396667,6.708911,1348,5424,6772
460,2012-04-04,2,0,1,1,22.208347,26.6725,0.469583,12.125325,1058,5378,6436
461,2012-04-05,2,0,1,1,17.835,21.55815,0.374167,14.708443,1192,5265,6457
462,2012-04-06,2,0,1,1,16.536653,19.53835,0.377083,20.125996,1807,4653,6460
463,2012-04-07,2,0,0,1,17.9375,21.30645,0.254167,18.416357,3252,3605,6857
464,2012-04-08,2,0,0,1,20.5,24.62125,0.275833,15.583932,2230,2939,5169
465,2012-04-09,2,0,1,1,20.055847,23.8319,0.3175,23.999132,905,4680,5585
466,2012-04-10,2,0,1,1,18.313347,21.81165,0.435,16.708125,819,5099,5918
467,2012-04-11,2,0,1,1,14.296536,16.8637,0.469565,19.783358,482,4380,4862
468,2012-04-12,2,0,1,1,16.2975,19.3802,0.46625,19.458743,663,4746,5409
469,2012-04-13,2,0,1,1,18.1425,21.5904,0.408333,10.416557,1252,5146,6398
470,2012-04-14,2,0,0,1,20.295,24.3998,0.502917,12.791439,2795,4665,7460
471,2012-04-15,2,0,0,1,24.873347,28.69375,0.507917,15.083643,2846,4286,7132
472,2012-04-16,2,1,0,1,27.230847,30.74625,0.561667,19.083543,1198,5172,6370
473,2012-04-17,2,0,1,1,24.941653,29.92435,0.390417,18.333143,989,5702,6691
474,2012-04-18,2,0,1,2,18.996653,22.8519,0.569167,11.250104,347,4020,4367
475,2012-04-19,2,0,1,1,20.431653,24.6523,0.6125,4.4172564,846,5719,6565
476,2012-04-20,2,0,1,1,21.593347,25.78875,0.694583,10.041357,1340,5950,7290
477,2012-04-21,2,0,0,1,23.37,27.14605,0.682917,19.000329,2541,4083,6624
478,2012-04-22,2,0,0,3,16.263347,19.4752,0.835417,23.084582,120,907,1027
479,2012-04-23,2,0,1,2,13.188347,15.05625,0.766667,20.334232,195,3019,3214
480,2012-04-24,2,0,1,1,16.946653,20.26415,0.454167,16.708661,518,5115,5633
481,2012-04-25,2,0,1,1,19.543347,23.51585,0.427917,7.959064,655,5541,6196
482,2012-04-26,2,0,1,2,20.431653,24.17915,0.756667,11.833875,475,4551,5026
483,2012-04-27,2,0,1,1,18.7575,22.63185,0.400833,23.291411,1014,5219,6233
484,2012-04-28,2,0,0,2,15.443347,18.8752,0.489583,8.708325,1120,3100,4220
485,2012-04-29,2,0,0,1,18.791653,22.50605,0.587083,7.832836,2229,4075,6304
486,2012-04-30,2,0,1,2,19.030847,22.8848,0.57,11.499746,665,4907,5572
487,2012-05-01,2,0,1,2,25.146653,28.85105,0.659583,10.458432,653,5087,5740
488,2012-05-02,2,0,1,1,23.130847,26.8948,0.797083,9.249886,667,5502,6169
489,2012-05-03,2,0,1,2,22.96,26.8621,0.768333,8.957632,764,5657,6421
490,2012-05-04,2,0,1,1,25.7275,29.54585,0.735417,10.916846,1069,5227,6296
491,2012-05-05,2,0,0,2,25.488347,29.2304,0.756667,10.250464,2496,4387,6883
492,2012-05-06,2,0,0,2,23.0625,27.33685,0.74,10.041893,2135,4224,6359
493,2012-05-07,2,0,1,2,22.0375,26.3571,0.664167,15.458307,1008,5265,6273
494,2012-05-08,2,0,1,2,23.848347,27.87355,0.685833,19.833943,738,4990,5728
495,2012-05-09,2,0,1,2,23.575,27.65125,0.744167,14.499604,620,4097,4717
496,2012-05-10,2,0,1,1,20.739153,24.58915,0.552083,21.042221,1026,5546,6572
497,2012-05-11,2,0,1,1,21.866653,26.04165,0.360417,15.874779,1319,5711,7030
498,2012-05-12,2,0,0,1,23.130847,27.24085,0.480417,8.249911,2622,4807,7429
499,2012-05-13,2,0,0,1,25.1125,29.2619,0.57625,15.082839,2172,3946,6118
500,2012-05-14,2,0,1,2,23.506653,27.495,0.789583,14.250364,342,2501,2843
501,2012-05-15,2,0,1,2,25.078347,28.8202,0.794583,9.875264,625,4490,5115
502,2012-05-16,2,0,1,1,26.103347,29.79875,0.697917,8.208304,991,6433,7424
503,2012-05-17,2,0,1,1,24.326653,28.63065,0.52,15.374825,1242,6142,7384
504,2012-05-18,2,0,1,1,23.130847,27.55605,0.523333,9.166739,1521,6118,7639
505,2012-05-19,2,0,0,1,24.6,28.3454,0.45625,5.626325,3410,4884,8294
506,2012-05-20,2,0,0,1,25.454153,29.19835,0.530417,17.042589,2704,4425,7129
507,2012-05-21,2,0,1,2,24.531653,28.28335,0.81125,15.624668,630,3729,4359
508,2012-05-22,2,0,1,2,25.215,29.04125,0.765833,7.917189,819,5254,6073
509,2012-05-23,2,0,1,2,25.488347,29.2306,0.774583,6.834,766,4494,5260
510,2012-05-24,2,0,1,1,26.855,30.335,0.716667,11.584032,1059,5711,6770
511,2012-05-25,2,0,1,1,27.88,31.37645,0.747083,9.41685,1417,5317,6734
512,2012-05-26,2,0,0,1,28.3925,32.1348,0.7325,13.332464,2855,3681,6536
513,2012-05-27,2,0,0,1,28.29,32.07125,0.697083,14.416457,3283,3308,6591
514,2012-05-28,2,1,0,1,29.2125,33.965,0.67625,13.166907,2557,3486,6043
515,2012-05-29,2,0,1,1,29.6225,33.6496,0.684583,19.7918,880,4863,5743
516,2012-05-30,2,0,1,2,26.923347,30.55645,0.67,9.000043,745,6110,6855
517,2012-05-31,2,0,1,1,27.88,31.56645,0.492917,13.083693,1100,6238,7338
518,2012-06-01,2,0,1,2,26.820847,30.3981,0.755417,15.916721,533,3594,4127
519,2012-06-02,2,0,0,1,23.916653,28.3144,0.549167,12.499654,2795,5325,8120
520,2012-06-03,2,0,0,1,24.7025,28.75665,0.493333,12.333829,2494,5147,7641
521,2012-06-04,2,0,1,1,24.4975,28.91415,0.487083,19.083811,1071,5927,6998
522,2012-06-05,2,0,1,2,22.174153,26.2946,0.613333,14.041525,968,6033,7001
523,2012-06-06,2,0,1,1,22.720847,27.1146,0.61125,5.167375,1027,6028,7055
524,2012-06-07,2,0,1,1,24.7025,28.4721,0.567083,10.54245,1038,6456,7494
525,2012-06-08,2,0,1,1,26.615847,29.8931,0.467917,11.750661,1488,6248,7736
526,2012-06-09,2,0,0,1,29.144153,32.41835,0.437083,9.667229,2708,4790,7498
527,2012-06-10,2,0,0,1,29.793347,33.17585,0.538333,8.959307,2224,4374,6598
528,2012-06-11,2,0,1,2,29.554153,32.98605,0.587917,13.916771,1017,5647,6664
529,2012-06-12,2,0,1,2,26.786653,29.89375,0.833333,14.374582,477,4495,4972
530,2012-06-13,2,0,1,1,26.889153,30.55585,0.582083,22.999693,1173,6248,7421
531,2012-06-14,2,0,1,1,26.581653,31.21915,0.569583,17.000111,1180,6183,7363
532,2012-06-15,2,0,1,1,26.205847,29.9877,0.589583,11.833339,1563,6102,7665
533,2012-06-16,2,0,0,1,25.898347,29.7354,0.504167,11.166689,2963,4739,7702
534,2012-06-17,2,0,0,1,24.2925,28.59875,0.59875,9.708568,2634,4344,6978
535,2012-06-18,2,0,1,2,23.301653,27.2421,0.777917,11.707982,653,4446,5099
536,2012-06-19,2,0,1,1,28.221653,32.7346,0.69,9.917139,968,5857,6825
537,2012-06-20,2,0,1,1,32.0825,36.04875,0.592083,7.625404,872,5339,6211
538,2012-06-21,3,0,1,1,33.039153,37.6271,0.567917,7.958729,778,5127,5905
539,2012-06-22,3,0,1,1,31.8775,36.20605,0.57375,12.250414,964,4859,5823
540,2012-06-23,3,0,0,1,29.998347,32.6396,0.534583,12.041307,2657,4801,7458
541,2012-06-24,3,0,0,1,30.476653,33.7127,0.479167,9.750175,2551,4340,6891
542,2012-06-25,3,0,1,1,29.349153,32.7021,0.504167,20.125661,1139,5640,6779
543,2012-06-26,3,0,1,1,25.864153,29.7352,0.373333,23.292014,1077,6365,7442
544,2012-06-27,3,0,1,1,28.5975,32.0396,0.36,18.208925,1077,6258,7335
545,2012-06-28,3,0,1,1,30.715847,33.7756,0.4225,11.50055,921,5958,6879
546,2012-06-29,3,0,1,1,34.200847,39.33065,0.48875,11.082939,829,4634,5463
547,2012-06-30,3,0,0,1,31.365,34.3754,0.60125,10.791757,1455,4232,5687
548,2012-07-01,3,0,0,1,33.449153,37.53145,0.51875,11.291443,1421,4110,5531
549,2012-07-02,3,0,1,1,32.048347,35.1019,0.447083,13.082889,904,5323,6227
550,2012-07-03,3,0,1,1,32.014153,35.1325,0.492083,8.457879,1052,5608,6660
551,2012-07-04,3,1,0,1,32.355847,36.61685,0.53875,9.04165,2562,4841,7403
552,2012-07-05,3,0,1,1,33.9275,38.06835,0.457917,12.999943,1405,4836,6241
553,2012-07-06,3,0,1,1,33.961653,37.62665,0.450833,9.791514,1366,4841,6207
554,2012-07-07,3,0,0,1,35.328347,40.24565,0.492083,10.958118,1448,3392,4840
555,2012-07-08,3,0,0,1,33.7225,39.5198,0.57375,8.417143,1203,3469,4672
556,2012-07-09,3,0,1,2,29.144153,32.7027,0.683333,12.125325,998,5571,6569
557,2012-07-10,3,0,1,2,29.554153,33.2398,0.6675,10.166379,954,5336,6290
558,2012-07-11,3,0,1,1,29.383347,32.51355,0.633333,10.166111,975,6289,7264
559,2012-07-12,3,0,1,1,29.349153,32.73415,0.529583,9.833925,1032,6414,7446
560,2012-07-13,3,0,1,2,29.998347,33.39665,0.485833,5.41695,1511,5988,7499
561,2012-07-14,3,0,0,2,28.836653,33.3021,0.699167,9.626493,2355,4614,6969
562,2012-07-15,3,0,0,1,30.579153,35.2598,0.717917,11.166689,1920,4111,6031
563,2012-07-16,3,0,1,1,31.296653,36.20625,0.645,11.000529,1088,5742,6830
564,2012-07-17,3,0,1,1,33.551653,37.78415,0.505833,7.666743,921,5865,6786
565,2012-07-18,3,0,1,1,32.526653,37.27915,0.577083,9.208614,799,4914,5713
566,2012-07-19,3,0,1,1,31.57,35.7321,0.600417,11.083743,888,5703,6591
567,2012-07-20,3,0,1,2,27.299153,30.65125,0.844167,14.000789,747,5123,5870
568,2012-07-21,3,0,0,3,24.429153,27.4956,0.865417,14.2911,1264,3195,4459
569,2012-07-22,3,0,0,2,27.3675,31.15625,0.7625,6.2926936,2544,4866,7410
570,2012-07-23,3,0,1,1,30.408347,34.50085,0.694167,9.291761,1135,5831,6966
571,2012-07-24,3,0,1,1,30.784153,35.3225,0.655,14.167418,1140,6452,7592
572,2012-07-25,3,0,1,1,29.690847,32.7027,0.45,11.0416,1383,6790,8173
573,2012-07-26,3,0,1,1,31.843347,36.96315,0.596667,19.082471,1036,5825,6861
574,2012-07-27,3,0,1,1,32.048347,36.71085,0.594583,10.250464,1259,5645,6904
575,2012-07-28,3,0,0,1,30.989153,34.8802,0.613333,10.54245,2234,4451,6685
576,2012-07-29,3,0,0,1,29.588347,33.39665,0.62375,11.416532,2153,4444,6597
577,2012-07-30,3,0,1,1,29.964153,34.24935,0.66875,10.292339,1040,6065,7105
578,2012-07-31,3,0,1,1,29.246653,33.1448,0.704167,11.083475,968,6248,7216
579,2012-08-01,3,0,1,1,29.4175,33.3654,0.6775,9.458993,1074,6506,7580
580,2012-08-02,3,0,1,1,30.8525,35.3544,0.659583,8.666718,983,6278,7261
581,2012-08-03,3,0,1,2,31.399153,36.14335,0.6425,14.458064,1328,5847,7175
582,2012-08-04,3,0,0,1,32.526653,37.56335,0.613333,17.249686,2345,4479,6824
583,2012-08-05,3,0,0,1,31.535847,36.55395,0.6525,19.458207,1707,3757,5464
584,2012-08-06,3,0,1,2,30.8525,35.5123,0.654167,8.666718,1233,5780,7013
585,2012-08-07,3,0,1,2,30.169153,34.88105,0.70375,7.832836,1278,5995,7273
586,2012-08-08,3,0,1,2,30.75,35.38585,0.672917,7.4169,1263,6271,7534
587,2012-08-09,3,0,1,1,30.989153,34.9754,0.620417,10.4587,1196,6090,7286
588,2012-08-10,3,0,1,2,29.349153,33.3971,0.715833,16.000471,1065,4721,5786
589,2012-08-11,3,0,0,2,28.3925,31.91335,0.732917,13.834093,2247,4052,6299
590,2012-08-12,3,0,0,1,28.734153,32.22895,0.530417,8.208304,2182,4362,6544
591,2012-08-13,3,0,1,1,29.554153,33.1127,0.545417,9.126204,1207,5676,6883
592,2012-08-14,3,0,1,1,29.793347,33.83895,0.686667,11.333586,1128,5656,6784
593,2012-08-15,3,0,1,1,28.973347,32.70185,0.619583,11.374657,1198,6149,7347
594,2012-08-16,3,0,1,1,29.485847,32.7344,0.519167,9.500332,1338,6267,7605
595,2012-08-17,3,0,1,1,29.656653,12.12,0.570833,15.500718,1483,5665,7148
596,2012-08-18,3,0,0,1,27.811653,30.90355,0.603333,11.917089,2827,5038,7865
597,2012-08-19,3,0,0,2,26.069153,30.1777,0.711667,5.79215,1208,3341,4549
598,2012-08-20,3,0,1,2,26.069153,29.79835,0.734167,8.708593,1026,5504,6530
599,2012-08-21,3,0,1,1,26.615847,30.05125,0.67375,4.8756436,1081,5925,7006
600,2012-08-22,3,0,1,1,27.3675,31.0927,0.677083,4.7089811,1094,6281,7375
601,2012-08-23,3,0,1,1,28.529153,31.8504,0.635833,5.6679186,1363,6402,7765
602,2012-08-24,3,0,1,2,28.8025,32.355,0.615,4.8337686,1325,6257,7582
603,2012-08-25,3,0,0,2,27.128347,30.9348,0.712917,16.375336,1829,4224,6053
604,2012-08-26,3,0,0,2,26.786653,29.7998,0.845833,15.333486,1483,3772,5255
605,2012-08-27,3,0,1,1,28.836653,32.7344,0.730417,8.625111,989,5928,6917
606,2012-08-28,3,0,1,1,29.861653,33.3025,0.62,12.791975,935,6105,7040
607,2012-08-29,3,0,1,1,28.085,31.78665,0.552083,7.541654,1177,6520,7697
608,2012-08-30,3,0,1,1,28.973347,32.63895,0.590417,5.1668189,1172,6541,7713
609,2012-08-31,3,0,1,1,31.330847,34.47,0.5875,11.291711,1433,5917,7350
610,2012-09-01,3,0,0,2,30.886653,35.1327,0.638333,7.583529,2352,3788,6140
611,2012-09-02,3,0,0,2,28.563347,32.45,0.815,4.2927436,2613,3197,5810
612,2012-09-03,3,1,0,1,29.0075,33.08145,0.790833,10.125107,1965,4069,6034
613,2012-09-04,3,0,1,1,29.759153,34.3444,0.755,15.833507,867,5997,6864
614,2012-09-05,3,0,1,1,30.203347,35.44915,0.74125,12.583136,832,6280,7112
615,2012-09-06,3,0,1,2,28.563347,32.76645,0.810417,9.542207,611,5592,6203
616,2012-09-07,3,0,1,1,28.836653,32.8602,0.73625,11.500282,1045,6459,7504
617,2012-09-08,3,0,0,2,27.025847,30.55605,0.799167,18.833968,1557,4419,5976
618,2012-09-09,3,0,0,1,25.01,28.94625,0.5475,15.041232,2570,5657,8227
619,2012-09-10,3,0,1,1,23.916653,28.2827,0.50375,17.333771,1118,6407,7525
620,2012-09-11,3,0,1,1,23.6775,27.7146,0.52,6.1676314,1070,6697,7767
621,2012-09-12,3,0,1,1,24.565847,28.50375,0.577083,8.833682,1050,6820,7870
622,2012-09-13,3,0,1,1,25.1125,28.9779,0.637083,5.5422936,1054,6750,7804
623,2012-09-14,3,0,1,1,25.966653,29.70415,0.6725,6.958821,1379,6630,8009
624,2012-09-15,3,0,0,1,24.941653,29.29335,0.501667,16.583907,3160,5554,8714
625,2012-09-16,3,0,0,1,23.78,28.15625,0.57,6.0422811,2166,5167,7333
626,2012-09-17,3,0,1,2,23.814153,27.6525,0.734583,10.166714,1022,5847,6869
627,2012-09-18,3,0,1,2,25.556653,28.25335,0.8725,23.958329,371,3702,4073
628,2012-09-19,3,0,1,1,22.6525,27.0202,0.536667,14.416725,788,6803,7591
629,2012-09-20,3,0,1,1,22.413347,26.6096,0.618333,7.917189,939,6781,7720
630,2012-09-21,3,0,1,1,24.565847,28.59855,0.66875,10.333343,1250,6917,8167
631,2012-09-22,3,0,0,1,26.65,30.5244,0.646667,19.000061,2512,5883,8395
632,2012-09-23,4,0,0,1,21.695847,25.94665,0.467083,14.958286,2454,5453,7907
633,2012-09-24,4,0,1,1,21.080847,25.12565,0.492917,9.541068,1001,6435,7436
634,2012-09-25,4,0,1,1,22.55,27.20895,0.57,15.833507,845,6693,7538
635,2012-09-26,4,0,1,1,26.035,29.83065,0.630833,16.3748,787,6946,7733
636,2012-09-27,4,0,1,2,26.65,30.39875,0.690833,9.000914,751,6642,7393
637,2012-09-28,4,0,1,2,25.385847,29.29315,0.69,10.999993,1045,6370,7415
638,2012-09-29,4,0,0,1,22.2425,26.5148,0.542917,15.249468,2589,5966,8555
639,2012-09-30,4,0,0,1,21.593347,25.88315,0.583333,9.042186,2015,4874,6889
640,2012-10-01,4,0,1,2,21.354153,25.6,0.649167,6.0838814,763,6015,6778
641,2012-10-02,4,0,1,3,24.224153,27.11665,0.871667,6.999825,315,4324,4639
642,2012-10-03,4,0,1,2,26.9575,29.95665,0.79375,4.4585686,728,6844,7572
643,2012-10-04,4,0,1,2,26.9575,30.39875,0.722917,7.875582,891,6437,7328
644,2012-10-05,4,0,1,1,25.215,29.00935,0.6275,7.12545,1516,6640,8156
645,2012-10-06,4,0,0,1,22.720847,26.92605,0.664167,17.957675,3031,4934,7965
646,2012-10-07,4,0,0,2,17.049153,20.99065,0.708333,9.457854,781,2729,3510
647,2012-10-08,4,1,0,2,15.716653,19.3804,0.709583,12.708493,874,4604,5478
648,2012-10-09,4,0,1,2,18.313347,21.9056,0.761667,12.7501,601,5791,6392
649,2012-10-10,4,0,1,1,21.080847,25.1571,0.630833,12.584007,780,6911,7691
650,2012-10-11,4,0,1,1,17.835,21.55835,0.463333,12.166932,834,6736,7570
651,2012-10-12,4,0,1,1,17.9375,21.65355,0.539167,15.751164,1060,6222,7282
652,2012-10-13,4,0,0,1,16.126653,19.5698,0.494583,9.791514,2252,4857,7109
653,2012-10-14,4,0,0,1,21.388347,25.4102,0.640417,18.667004,2080,4559,6639
654,2012-10-15,4,0,1,2,23.028347,26.9575,0.7075,19.834479,760,5115,5875
655,2012-10-16,4,0,1,1,19.201653,23.0423,0.558333,12.208807,922,6612,7534
656,2012-10-17,4,0,1,1,18.689153,22.5054,0.692917,6.791857,979,6482,7461
657,2012-10-18,4,0,1,2,21.4225,25.63125,0.728333,15.874779,1008,6501,7509
658,2012-10-19,4,0,1,2,23.096653,26.8948,0.815,9.041918,753,4671,5424
659,2012-10-20,4,0,0,1,19.850847,23.6421,0.572917,7.874979,2806,5284,8090
660,2012-10-21,4,0,0,1,19.030847,22.82145,0.51,11.125618,2132,4692,6824
661,2012-10-22,4,0,1,1,19.9875,24.1471,0.568333,5.4593811,830,6228,7058
662,2012-10-23,4,0,1,1,22.310847,26.5152,0.641667,6.3345686,841,6625,7466
663,2012-10-24,4,0,1,1,24.0875,27.93605,0.63625,4.8762064,795,6898,7693
664,2012-10-25,4,0,1,2,22.55,26.4844,0.800417,8.333125,875,6484,7359
665,2012-10-26,4,0,1,2,22.379153,26.1375,0.807083,8.875289,1182,6262,7444
666,2012-10-27,4,0,0,2,21.73,25.75665,0.72,15.791364,2643,5209,7852
667,2012-10-28,4,0,0,2,19.5775,23.38855,0.694583,26.666536,998,3461,4459
668,2012-10-29,4,0,1,3,18.04,21.97,0.88,23.9994,2,20,22
669,2012-10-30,4,0,1,2,13.045462,15.49545,0.825455,14.271603,87,1009,1096
670,2012-10-31,4,0,1,2,14.6575,18.055,0.666667,11.166689,419,5147,5566
671,2012-11-01,4,0,1,2,14.999153,18.4971,0.581667,10.542182,466,5520,5986
672,2012-11-02,4,0,1,1,14.555,17.8021,0.522083,17.833725,618,5229,5847
673,2012-11-03,4,0,0,2,14.076653,16.1923,0.49125,18.125443,1029,4109,5138
674,2012-11-04,4,0,0,1,13.359153,16.4769,0.532917,12.000236,1201,3906,5107
675,2012-11-05,4,0,1,1,13.085847,15.40375,0.494167,15.833775,378,4881,5259
676,2012-11-06,4,0,1,1,11.514153,14.07835,0.567083,11.625371,466,5220,5686
677,2012-11-07,4,0,1,2,12.129153,13.73105,0.5475,20.375236,326,4709,5035
678,2012-11-08,4,0,1,1,14.439134,17.09455,0.333478,23.304945,340,4975,5315
679,2012-11-09,4,0,1,1,14.828347,17.77065,0.540833,14.375386,709,5283,5992
680,2012-11-10,4,0,0,1,15.955847,19.69685,0.645417,3.8756686,2090,4446,6536
681,2012-11-11,4,0,0,1,17.254153,21.08565,0.659167,8.5425,2290,4562,6852
682,2012-11-12,4,1,0,1,19.885,23.76915,0.741667,11.625639,1097,5172,6269
683,2012-11-13,4,0,1,2,14.076653,16.16125,0.662917,22.917082,327,3767,4094
684,2012-11-14,4,0,1,1,11.855847,14.07815,0.552083,13.374875,373,5122,5495
685,2012-11-15,4,0,1,2,13.188347,16.2246,0.620417,10.250129,320,5125,5445
686,2012-11-16,4,0,1,1,14.145,17.3602,0.524583,11.458675,484,5214,5698
687,2012-11-17,4,0,0,1,13.325,16.31915,0.545417,12.041843,1313,4316,5629
688,2012-11-18,4,0,0,1,14.0425,16.8873,0.692917,15.250004,922,3747,4669
689,2012-11-19,4,0,1,2,15.614153,18.78105,0.623333,15.749489,449,5050,5499
690,2012-11-20,4,0,1,2,15.340847,19.03335,0.685,5.542575,534,5100,5634
691,2012-11-21,4,0,1,1,14.486653,18.2446,0.61375,6.917482,615,4531,5146
692,2012-11-22,4,1,0,1,13.94,17.51855,0.580417,3.5423436,955,1470,2425
693,2012-11-23,4,0,1,1,15.101653,18.93895,0.56875,9.917407,1603,2307,3910
694,2012-11-24,4,0,0,1,11.411653,12.4371,0.404583,25.250357,532,1745,2277
695,2012-11-25,4,0,0,1,10.079153,12.87915,0.468333,10.0835,309,2115,2424
696,2012-11-26,4,0,1,1,12.846653,16.9502,0.535417,3.12555,337,4750,5087
697,2012-11-27,4,0,1,2,11.958347,14.0779,0.786667,15.916654,123,3836,3959
698,2012-11-28,4,0,1,1,12.163347,14.4881,0.50625,14.125007,198,5062,5260
699,2012-11-29,4,0,1,1,11.51567,14.9211,0.555652,7.739974,243,5080,5323
700,2012-11-30,4,0,1,1,12.231653,16.19335,0.649583,3.9175436,362,5306,5668
701,2012-12-01,4,0,0,2,12.231653,15.8452,0.806667,4.0001814,951,4240,5191
702,2012-12-02,4,0,0,2,14.2475,17.9604,0.823333,8.333393,892,3757,4649
703,2012-12-03,4,0,1,1,18.5525,22.7898,0.7675,5.5422936,555,5679,6234
704,2012-12-04,4,0,1,1,19.509153,23.4527,0.73375,11.666643,551,6055,6606
705,2012-12-05,4,0,1,1,17.971653,21.4006,0.485,21.709407,331,5398,5729
706,2012-12-06,4,0,1,1,10.489153,12.9102,0.50875,11.708518,340,5035,5375
707,2012-12-07,4,0,1,2,13.154153,16.0979,0.764167,8.7502,349,4659,5008
708,2012-12-08,4,0,0,2,15.648347,19.4754,0.91125,6.792393,1153,4429,5582
709,2012-12-09,4,0,0,2,15.750847,19.5073,0.905417,10.584325,441,2787,3228
710,2012-12-10,4,0,1,2,17.869153,21.77875,0.925,12.750636,329,4841,5170
711,2012-12-11,4,0,1,2,14.486653,16.91815,0.596667,19.834479,282,5219,5501
712,2012-12-12,4,0,1,2,12.1975,14.8669,0.538333,10.916779,310,5009,5319
713,2012-12-13,4,0,1,1,12.129153,14.7094,0.485833,11.666643,425,5107,5532
714,2012-12-14,4,0,1,1,11.548347,14.7096,0.642917,8.792343,429,5182,5611
715,2012-12-15,4,0,0,1,13.290847,16.91915,0.650417,7.12545,767,4280,5047
716,2012-12-16,4,0,0,2,14.8625,18.4969,0.83875,6.749714,538,3248,3786
717,2012-12-17,4,0,1,2,16.126653,20.075,0.907083,6.5833061,212,4373,4585
718,2012-12-18,4,0,1,1,16.844153,20.4854,0.66625,14.834068,433,5124,5557
719,2012-12-19,4,0,1,1,13.6325,17.1081,0.625417,12.334164,333,4934,5267
720,2012-12-20,4,0,1,2,13.53,16.76085,0.667917,8.875021,314,3814,4128
721,2012-12-21,1,0,1,2,13.393347,15.08835,0.556667,25.083661,221,3402,3623
722,2012-12-22,1,0,0,1,10.899153,11.80565,0.44125,27.292182,205,1544,1749
723,2012-12-23,1,0,0,1,10.079153,12.97355,0.515417,8.916561,408,1379,1787
724,2012-12-24,1,0,1,2,9.483464,12.945,0.791304,5.1744368,174,746,920
725,2012-12-25,1,1,0,2,11.943464,14.72325,0.734783,11.304642,440,573,1013
726,2012-12-26,1,0,1,3,9.976653,11.01665,0.823333,21.208582,9,432,441
727,2012-12-27,1,0,1,2,10.420847,11.3321,0.652917,23.458911,247,1867,2114
728,2012-12-28,1,0,1,2,10.386653,12.7523,0.59,10.416557,644,2451,3095
729,2012-12-29,1,0,0,2,10.386653,12.12,0.752917,8.333661,159,1182,1341
730,2012-12-30,1,0,0,1,10.489153,11.585,0.483333,23.500518,364,1432,1796
731,2012-12-31,1,0,1,2,8.849153,11.17435,0.5775,10.374682,439,2290,2729
